INSERT INTO CATALOG ( ID , NAME) VALUES  (2, 'SHOWROOMTEST');

INSERT INTO IMAGE ( ID , PATH , TYPE, IMAGE ) VALUES (2, 'dummy.jpg', 0, '');

INSERT INTO SECTION ( ID , NAME, IMAGE, TYPE, CATALOG ) VALUES  ( 2, 'kitchens', 2, 0, 2);

INSERT INTO ITEM ( ID , NAME , TYPE , IMAGE ) VALUES (2, 'bastig_poignees', 0, 2);
INSERT INTO ITEM ( ID , NAME , TYPE , IMAGE ) VALUES (3, 'datid_four', 0, 2);
INSERT INTO ITEM ( ID , NAME , TYPE , IMAGE ) VALUES (4, 'datid_hotte', 0, 2);
INSERT INTO ITEM ( ID , NAME , TYPE , IMAGE ) VALUES (5, 'datid_refrigerateur_congelateur', 0, 2);
INSERT INTO ITEM ( ID , NAME , TYPE , IMAGE ) VALUES (6, 'fastbo_revetement_mural', 0, 2);
INSERT INTO ITEM ( ID , NAME , TYPE , IMAGE ) VALUES (7, 'framtid_cuisiniere', 0, 2);
INSERT INTO ITEM ( ID , NAME , TYPE , IMAGE ) VALUES (8, 'lagan_micro_ondes', 0, 2);
INSERT INTO ITEM ( ID , NAME , TYPE , IMAGE ) VALUES (9, 'numerar_comptoir', 0, 2);

INSERT INTO SECTION_ITEMS ( ITEMS , SECTION ) VALUES (2,2);
INSERT INTO SECTION_ITEMS ( ITEMS , SECTION ) VALUES (3,2);
INSERT INTO SECTION_ITEMS ( ITEMS , SECTION ) VALUES (4,2);
INSERT INTO SECTION_ITEMS ( ITEMS , SECTION ) VALUES (5,2);
INSERT INTO SECTION_ITEMS ( ITEMS , SECTION ) VALUES (6,2);
INSERT INTO SECTION_ITEMS ( ITEMS , SECTION ) VALUES (7,2);
INSERT INTO SECTION_ITEMS ( ITEMS , SECTION ) VALUES (8,2);
INSERT INTO SECTION_ITEMS ( ITEMS , SECTION ) VALUES (9,2);

INSERT INTO VALUE ( ID , SR_KEY, CATALOG ) VALUES (2, 'productName', 2);
INSERT INTO VALUE ( ID , SR_KEY, CATALOG ) VALUES (3, 'price', 2);
INSERT INTO VALUE ( ID , SR_KEY, CATALOG ) VALUES (4, 'imageFullPath', 2);
INSERT INTO VALUE ( ID , SR_KEY, CATALOG ) VALUES (5, 'specifications', 2);
INSERT INTO VALUE ( ID , SR_KEY, CATALOG ) VALUES (6, 'features', 2);

INSERT INTO DESCRIPTION ( ID, VALUE ) VALUES (2, 2);
INSERT INTO DESCRIPTION ( ID, VALUE ) VALUES (3, 3);
INSERT INTO DESCRIPTION ( ID, VALUE ) VALUES (4, 4);
INSERT INTO DESCRIPTION ( ID, VALUE ) VALUES (5, 5);
INSERT INTO DESCRIPTION ( ID, VALUE ) VALUES (6, 6);

INSERT INTO DESCRIPTIONS ( ID, DESCRIPTION , DESCRIPTION_ORDER ) VALUES (2, 'The Product Name', 0);
INSERT INTO DESCRIPTIONS ( ID, DESCRIPTION , DESCRIPTION_ORDER ) VALUES (3, '100$', 0);
INSERT INTO DESCRIPTIONS ( ID, DESCRIPTION , DESCRIPTION_ORDER ) VALUES (3, '150$', 1);
INSERT INTO DESCRIPTIONS ( ID, DESCRIPTION , DESCRIPTION_ORDER ) VALUES (4, 'path/tofile/image.jpg', 0);
INSERT INTO DESCRIPTIONS ( ID, DESCRIPTION , DESCRIPTION_ORDER ) VALUES (4, 'path/tofile/image.jpg', 1);
INSERT INTO DESCRIPTIONS ( ID, DESCRIPTION , DESCRIPTION_ORDER ) VALUES (5, 'plein de text', 0);
INSERT INTO DESCRIPTIONS ( ID, DESCRIPTION , DESCRIPTION_ORDER ) VALUES (6, 'plein de text', 0);
INSERT INTO DESCRIPTIONS ( ID, DESCRIPTION , DESCRIPTION_ORDER ) VALUES (6, 'super beau produit', 1);
INSERT INTO DESCRIPTIONS ( ID, DESCRIPTION , DESCRIPTION_ORDER ) VALUES (6, 'The feature ', 2);

INSERT INTO ITEM_DESCRIPTION ( ITEM, DESCRIPTION ) VALUES (2, 2);
INSERT INTO ITEM_DESCRIPTION ( ITEM, DESCRIPTION ) VALUES (2, 3);
INSERT INTO ITEM_DESCRIPTION ( ITEM, DESCRIPTION ) VALUES (2, 4);
INSERT INTO ITEM_DESCRIPTION ( ITEM, DESCRIPTION ) VALUES (2, 5);
INSERT INTO ITEM_DESCRIPTION ( ITEM, DESCRIPTION ) VALUES (2, 6);

INSERT INTO ITEM_DESCRIPTION ( ITEM, DESCRIPTION ) VALUES (3, 2);
INSERT INTO ITEM_DESCRIPTION ( ITEM, DESCRIPTION ) VALUES (3, 3);
INSERT INTO ITEM_DESCRIPTION ( ITEM, DESCRIPTION ) VALUES (3, 4);
INSERT INTO ITEM_DESCRIPTION ( ITEM, DESCRIPTION ) VALUES (3, 5);
INSERT INTO ITEM_DESCRIPTION ( ITEM, DESCRIPTION ) VALUES (3, 6);
